ptc,LANa9375067928,gjqSRX488!_+
ptc,ReiNaLdo626685,wdpZCB397&_{
ptc,cyrUs377509759,qogBMP395%=?
ptc,zachErY1250825,wibWZT877?+&
ptc,frankLyN235828,nyiJKY798=*%
ptc,PERcy009780154,xxtZYL839++/
ptc,roscoE91467831,fgiFXF926?-=
ptc,marCeLA5107141,cgiGZH649_$!
ptc,rEGiNaLd265128,errHDF359{!_
ptc,ArLA5548504826,ogkCHF337_!+
ptc,chanELLE206978,mdaLJF784-}}
ptc,caLviN99072208,prrGTM737*{+
ptc,Hien7482996912,mfbJBD343?*!
ptc,LinDsAy2626345,gcoLNX744}-$
ptc,DAreLL28916500,zneQNG672-$*
ptc,BrAd3084584760,rnnQJP953?/&
ptc,TAnNa314177674,pinRQD673/&$
ptc,GenE3488629168,kwjBCB543$=*
ptc,Asha9573065318,bxeCWX542}=}
ptc,mAtTiE44876081,dpxFGM768-/$